{
  "project_info": {
    "bridge_name": "Sample Bridge Design",
    "location": "Test Location",
    "design_date": "2025-09-07 13:28:04",
    "skew_angle": 15.0
  },
  "survey_data": {
    "num_cross_section_points": 15,
    "num_longitudinal_points": 10,
    "cross_sectional_area": 479.50000000000017,
    "wetted_perimeter": 70.0034999125044,
    "hfl": 101.2
  },
  "hydraulic_analysis": {
    "discharge": 1265.76,
    "regime_width": 170.7721007659038,
    "effective_waterway": 168.37210076590378,
    "design_velocity": 3.5,
    "afflux": 0.08270253977371754,
    "manning_n": 0.033
  },
  "pier_design": {
    "design_levels": {
      "foundation_level": 93.49,
      "deck_level": 102.4,
      "pier_cap_level": 101.42500000000001,
      "pier_height": 7.9350000000000165,
      "bed_level": 94.99
    },
    "dead_loads": {
      "slab": 3110.3999999999996,
      "wearing_coat": 155.51999999999998,
      "footpath": 345.59999999999997,
      "pier_cap": 324.0,
      "pier_stem": 2285.2800000000047,
      "total_dead_load": 6220.800000000005
    },
    "live_loads": {
      "vertical_reaction": 1950,
      "moment": 1950,
      "impact_factor": 1.25,
      "total_live_load": 2437.5
    },
    "pier_dimensions": {
      "width": 1.5,
      "length": 8.0,
      "height": 7.9350000000000165
    }
  },
  "foundation_design": {
    "footing_length": 9.0,
    "footing_width": 3.0,
    "extension_length": 0.0,
    "extension_width": 0.25,
    "total_vertical_load": 8658.300000000005,
    "longitudinal_moment": 1950,
    "transverse_moment": 975.0,
    "eccentricity_longitudinal": 0.22521742143376863,
    "eccentricity_transverse": 0.11260871071688432,
    "el_lf_ratio": 0.025024157937085404,
    "et_lf_ratio": 0.03753623690562811,
    "max_pressure": 441.04814814814836,
    "min_pressure": 200.3074074074076,
    "area_in_tension": 0,
    "utilization_ratio": 0.9801069958847741,
    "status": "ACCEPTABLE"
  },
  "abutment_design": {
    "abutment_type": "Type-1 Battered Faces",
    "status": "Design framework ready",
    "note": "Detailed abutment design to be implemented based on extracted variables"
  },
  "design_status": "COMPLETED"
}